update_date,北京,天津,河北,山西,内蒙古,辽宁,吉林,黑龙江,上海,江苏,浙江,安徽,福建,江西,山东,河南,湖北,湖南,广东,广西,海南,重庆,四川,贵州,云南,西藏,陕西,甘肃,青海,宁夏,新疆,香港,澳门,台湾
2020/1/16,,,,,,,,,,,,,,,,,45.00 ,,,,,,,,,,,,,,,,,
2020/1/17,,,,,,,,,,,,,,,,,62.00 ,,,,,,,,,,,,,,,,,
2020/1/18,,,,,,,,,,,,,,,,,121.00 ,,,,,,,,,,,,,,,,,
2020/1/19,,,,,,,,,0.00 ,,,,,,,,198.00 ,,1.00 ,,,,,,,,,,,,0.00 ,,,
2020/1/20,,,,,,,,,2.00 ,,,,,,,,270.00 ,,14.00 ,,,,,,,,,,,,0.00 ,,,
2020/1/21,,2.00 ,,,,,,,9.00 ,,,,,2.00 ,,,375.00 ,,26.00 ,,,,,,1.00 ,,,,,,0.00 ,,,
2020/1/22,,4.00 ,1.00 ,1.00 ,,2.00 ,,2.00 ,16.00 ,1.00 ,,2.00 ,1.00 ,3.00 ,,,444.00 ,4.00 ,32.00 ,5.00 ,4.00 ,9.00 ,5.00 ,2.00 ,2.00 ,,3.00 ,,,1.00 ,0.00 ,1.00 ,1.00 ,1.00 
2020/1/23,26.00 ,5.00 ,2.00 ,1.00 ,1.00 ,4.00 ,3.00 ,4.00 ,20.00 ,9.00 ,43.00 ,15.00 ,9.00 ,7.00 ,,9.00 ,549.00 ,24.00 ,53.00 ,13.00 ,5.00 ,27.00 ,15.00 ,3.00 ,2.00 ,,5.00 ,2.00 ,,2.00 ,2.00 ,2.00 ,2.00 ,1.00 
2020/1/24,36.00 ,8.00 ,8.00 ,6.00 ,2.00 ,12.00 ,4.00 ,9.00 ,33.00 ,18.00 ,62.00 ,39.00 ,18.00 ,18.00 ,21.00 ,32.00 ,729.00 ,43.00 ,78.00 ,23.00 ,8.00 ,57.00 ,28.00 ,4.00 ,5.00 ,,15.00 ,4.00 ,,3.00 ,3.00 ,5.00 ,2.00 ,3.00 
2020/1/25,51.00 ,10.00 ,13.00 ,9.00 ,7.00 ,19.00 ,4.00 ,15.00 ,40.00 ,31.00 ,104.00 ,60.00 ,29.00 ,36.00 ,39.00 ,83.00 ,1052.00 ,69.00 ,111.00 ,33.00 ,19.00 ,75.00 ,44.00 ,5.00 ,11.00 ,,22.00 ,7.00 ,1.00 ,4.00 ,4.00 ,5.00 ,2.00 ,3.00 
2020/1/26,68.00 ,14.00 ,18.00 ,13.00 ,11.00 ,22.00 ,6.00 ,21.00 ,53.00 ,47.00 ,128.00 ,70.00 ,56.00 ,48.00 ,63.00 ,128.00 ,1423.00 ,100.00 ,146.00 ,46.00 ,22.00 ,110.00 ,69.00 ,7.00 ,19.00 ,,35.00 ,14.00 ,4.00 ,7.00 ,5.00 ,8.00 ,5.00 ,4.00 
2020/1/27,80.00 ,23.00 ,33.00 ,20.00 ,13.00 ,27.00 ,8.00 ,30.00 ,66.00 ,70.00 ,173.00 ,106.00 ,73.00 ,72.00 ,87.00 ,168.00 ,2714.00 ,143.00 ,188.00 ,51.00 ,34.00 ,132.00 ,90.00 ,9.00 ,26.00 ,,46.00 ,19.00 ,6.00 ,11.00 ,10.00 ,8.00 ,7.00 ,5.00 
2020/1/28,91.00 ,24.00 ,48.00 ,27.00 ,16.00 ,36.00 ,9.00 ,37.00 ,80.00 ,99.00 ,296.00 ,152.00 ,82.00 ,109.00 ,121.00 ,206.00 ,3554.00 ,221.00 ,241.00 ,58.00 ,43.00 ,147.00 ,108.00 ,9.00 ,51.00 ,,56.00 ,24.00 ,6.00 ,12.00 ,13.00 ,8.00 ,7.00 ,8.00 
2020/1/29,111.00 ,27.00 ,65.00 ,35.00 ,18.00 ,39.00 ,14.00 ,43.00 ,101.00 ,129.00 ,428.00 ,200.00 ,101.00 ,162.00 ,145.00 ,278.00 ,4586.00 ,277.00 ,311.00 ,78.00 ,46.00 ,165.00 ,142.00 ,12.00 ,70.00 ,,63.00 ,26.00 ,6.00 ,17.00 ,14.00 ,10.00 ,7.00 ,8.00 
2020/1/30,132.00 ,31.00 ,82.00 ,39.00 ,20.00 ,45.00 ,14.00 ,59.00 ,128.00 ,168.00 ,537.00 ,237.00 ,120.00 ,240.00 ,178.00 ,352.00 ,5806.00 ,332.00 ,393.00 ,87.00 ,49.00 ,206.00 ,177.00 ,15.00 ,80.00 ,1.00 ,86.00 ,29.00 ,8.00 ,21.00 ,17.00 ,12.00 ,7.00 ,9.00 
2020/1/31,156.00 ,32.00 ,96.00 ,47.00 ,23.00 ,60.00 ,17.00 ,80.00 ,153.00 ,202.00 ,599.00 ,297.00 ,144.00 ,286.00 ,202.00 ,422.00 ,7153.00 ,389.00 ,520.00 ,100.00 ,57.00 ,238.00 ,207.00 ,29.00 ,91.00 ,1.00 ,101.00 ,35.00 ,9.00 ,26.00 ,18.00 ,13.00 ,7.00 ,10.00 
2020/2/1,183.00 ,41.00 ,104.00 ,56.00 ,27.00 ,64.00 ,23.00 ,95.00 ,177.00 ,236.00 ,661.00 ,340.00 ,159.00 ,333.00 ,225.00 ,493.00 ,9074.00 ,463.00 ,604.00 ,111.00 ,63.00 ,262.00 ,231.00 ,38.00 ,99.00 ,1.00 ,116.00 ,40.00 ,9.00 ,28.00 ,21.00 ,14.00 ,7.00 ,10.00 
2020/2/2,212.00 ,48.00 ,113.00 ,66.00 ,34.00 ,70.00 ,31.00 ,118.00 ,193.00 ,271.00 ,724.00 ,408.00 ,179.00 ,391.00 ,246.00 ,566.00 ,11177.00 ,521.00 ,683.00 ,127.00 ,69.00 ,300.00 ,254.00 ,46.00 ,109.00 ,1.00 ,128.00 ,51.00 ,13.00 ,31.00 ,24.00 ,15.00 ,8.00 ,10.00 
2020/2/3,228.00 ,63.00 ,126.00 ,74.00 ,35.00 ,73.00 ,42.00 ,155.00 ,208.00 ,308.00 ,829.00 ,480.00 ,194.00 ,476.00 ,270.00 ,675.00 ,13522.00 ,593.00 ,797.00 ,139.00 ,78.00 ,337.00 ,282.00 ,56.00 ,117.00 ,1.00 ,142.00 ,55.00 ,15.00 ,34.00 ,29.00 ,15.00 ,8.00 ,10.00 
2020/2/4,253.00 ,67.00 ,135.00 ,81.00 ,42.00 ,81.00 ,54.00 ,190.00 ,233.00 ,341.00 ,895.00 ,530.00 ,205.00 ,548.00 ,298.00 ,764.00 ,16678.00 ,661.00 ,870.00 ,150.00 ,89.00 ,366.00 ,301.00 ,64.00 ,122.00 ,1.00 ,165.00 ,57.00 ,17.00 ,34.00 ,32.00 ,18.00 ,10.00 ,11.00 
2020/2/5,274.00 ,69.00 ,157.00 ,90.00 ,46.00 ,89.00 ,59.00 ,227.00 ,254.00 ,373.00 ,954.00 ,591.00 ,215.00 ,600.00 ,343.00 ,851.00 ,19665.00 ,711.00 ,944.00 ,168.00 ,100.00 ,389.00 ,321.00 ,69.00 ,128.00 ,1.00 ,173.00 ,62.00 ,18.00 ,40.00 ,36.00 ,21.00 ,10.00 ,11.00 
2020/2/6,297.00 ,79.00 ,171.00 ,96.00 ,50.00 ,94.00 ,65.00 ,276.00 ,269.00 ,408.00 ,1006.00 ,665.00 ,224.00 ,661.00 ,379.00 ,914.00 ,22112.00 ,772.00 ,1018.00 ,172.00 ,111.00 ,411.00 ,344.00 ,77.00 ,135.00 ,1.00 ,184.00 ,67.00 ,18.00 ,43.00 ,39.00 ,24.00 ,10.00 ,16.00 
2020/2/7,315.00 ,81.00 ,195.00 ,104.00 ,52.00 ,99.00 ,69.00 ,281.00 ,281.00 ,439.00 ,1048.00 ,733.00 ,239.00 ,698.00 ,407.00 ,980.00 ,24953.00 ,803.00 ,1075.00 ,183.00 ,123.00 ,426.00 ,363.00 ,89.00 ,138.00 ,1.00 ,195.00 ,71.00 ,18.00 ,44.00 ,42.00 ,26.00 ,10.00 ,16.00 
2020/2/8,326.00 ,88.00 ,206.00 ,115.00 ,54.00 ,105.00 ,78.00 ,307.00 ,292.00 ,468.00 ,1075.00 ,779.00 ,250.00 ,739.00 ,435.00 ,1033.00 ,27013.00 ,838.00 ,1120.00 ,195.00 ,128.00 ,446.00 ,386.00 ,96.00 ,140.00 ,1.00 ,208.00 ,79.00 ,18.00 ,45.00 ,45.00 ,26.00 ,10.00 ,17.00 
2020/2/9,337.00 ,91.00 ,218.00 ,119.00 ,58.00 ,107.00 ,80.00 ,331.00 ,295.00 ,492.00 ,1092.00 ,830.00 ,261.00 ,772.00 ,459.00 ,1073.00 ,29631.00 ,879.00 ,1151.00 ,210.00 ,136.00 ,468.00 ,405.00 ,109.00 ,141.00 ,1.00 ,213.00 ,83.00 ,18.00 ,49.00 ,49.00 ,36.00 ,10.00 ,18.00 
2020/2/10,342.00 ,95.00 ,239.00 ,122.00 ,58.00 ,108.00 ,81.00 ,360.00 ,302.00 ,515.00 ,1117.00 ,859.00 ,267.00 ,804.00 ,486.00 ,1105.00 ,31728.00 ,912.00 ,1177.00 ,215.00 ,142.00 ,486.00 ,417.00 ,118.00 ,149.00 ,1.00 ,219.00 ,86.00 ,18.00 ,53.00 ,55.00 ,42.00 ,10.00 ,18.00 
2020/2/11,352.00 ,106.00 ,251.00 ,124.00 ,60.00 ,116.00 ,83.00 ,378.00 ,306.00 ,543.00 ,1131.00 ,888.00 ,272.00 ,844.00 ,497.00 ,1135.00 ,33366.00 ,946.00 ,1219.00 ,222.00 ,145.00 ,505.00 ,436.00 ,131.00 ,154.00 ,1.00 ,225.00 ,86.00 ,18.00 ,58.00 ,59.00 ,49.00 ,10.00 ,18.00 
2020/2/12,366.00 ,112.00 ,265.00 ,126.00 ,61.00 ,116.00 ,84.00 ,395.00 ,313.00 ,570.00 ,1145.00 ,910.00 ,279.00 ,872.00 ,506.00 ,1169.00 ,47163.00 ,968.00 ,1241.00 ,222.00 ,157.00 ,518.00 ,451.00 ,135.00 ,155.00 ,1.00 ,229.00 ,87.00 ,18.00 ,64.00 ,63.00 ,50.00 ,10.00 ,18.00 
2020/2/13,372.00 ,119.00 ,283.00 ,126.00 ,65.00 ,117.00 ,86.00 ,418.00 ,318.00 ,593.00 ,1155.00 ,934.00 ,281.00 ,900.00 ,519.00 ,1184.00 ,51964.00 ,988.00 ,1261.00 ,226.00 ,157.00 ,529.00 ,463.00 ,140.00 ,162.00 ,1.00 ,230.00 ,90.00 ,18.00 ,67.00 ,65.00 ,53.00 ,10.00 ,18.00 
2020/2/14,375.00 ,120.00 ,291.00 ,127.00 ,68.00 ,119.00 ,88.00 ,425.00 ,326.00 ,604.00 ,1162.00 ,950.00 ,285.00 ,913.00 ,530.00 ,1212.00 ,54406.00 ,1001.00 ,1294.00 ,235.00 ,162.00 ,537.00 ,470.00 ,143.00 ,168.00 ,1.00 ,232.00 ,90.00 ,18.00 ,70.00 ,70.00 ,56.00 ,10.00 ,18.00 
2020/2/15,380.00 ,122.00 ,300.00 ,128.00 ,70.00 ,120.00 ,89.00 ,445.00 ,328.00 ,617.00 ,1167.00 ,962.00 ,287.00 ,925.00 ,537.00 ,1231.00 ,56238.00 ,1004.00 ,1316.00 ,237.00 ,162.00 ,544.00 ,481.00 ,144.00 ,169.00 ,1.00 ,236.00 ,90.00 ,18.00 ,70.00 ,71.00 ,56.00 ,10.00 ,18.00 
2020/2/16,381.00 ,124.00 ,301.00 ,129.00 ,72.00 ,121.00 ,89.00 ,457.00 ,331.00 ,626.00 ,1171.00 ,973.00 ,290.00 ,930.00 ,541.00 ,1246.00 ,58144.00 ,1006.00 ,1322.00 ,238.00 ,162.00 ,551.00 ,495.00 ,146.00 ,171.00 ,1.00 ,240.00 ,90.00 ,18.00 ,70.00 ,75.00 ,57.00 ,10.00 ,20.00 
2020/2/17,387.00 ,125.00 ,302.00 ,130.00 ,73.00 ,121.00 ,89.00 ,464.00 ,333.00 ,629.00 ,1172.00 ,982.00 ,292.00 ,933.00 ,543.00 ,1257.00 ,59925.00 ,1007.00 ,1328.00 ,242.00 ,163.00 ,553.00 ,508.00 ,146.00 ,172.00 ,1.00 ,240.00 ,91.00 ,18.00 ,70.00 ,76.00 ,60.00 ,10.00 ,22.00 
2020/2/18,393.00 ,128.00 ,306.00 ,131.00 ,75.00 ,121.00 ,90.00 ,470.00 ,333.00 ,631.00 ,1173.00 ,986.00 ,293.00 ,933.00 ,544.00 ,1261.00 ,61682.00 ,1008.00 ,1331.00 ,244.00 ,163.00 ,555.00 ,514.00 ,146.00 ,172.00 ,1.00 ,242.00 ,91.00 ,18.00 ,71.00 ,76.00 ,62.00 ,10.00 ,22.00 
2020/2/19,395.00 ,130.00 ,307.00 ,131.00 ,75.00 ,121.00 ,91.00 ,476.00 ,333.00 ,631.00 ,1168.00 ,987.00 ,293.00 ,934.00 ,546.00 ,1265.00 ,62457.00 ,1010.00 ,1332.00 ,245.00 ,168.00 ,560.00 ,520.00 ,146.00 ,172.00 ,1.00 ,245.00 ,91.00 ,18.00 ,71.00 ,76.00 ,65.00 ,10.00 ,24.00 
2020/2/20,396.00 ,131.00 ,308.00 ,132.00 ,75.00 ,121.00 ,91.00 ,479.00 ,334.00 ,631.00 ,1203.00 ,988.00 ,293.00 ,934.00 ,748.00 ,1267.00 ,63088.00 ,1011.00 ,1333.00 ,246.00 ,168.00 ,567.00 ,525.00 ,146.00 ,174.00 ,1.00 ,245.00 ,91.00 ,18.00 ,71.00 ,76.00 ,68.00 ,10.00 ,24.00 
2020/2/21,399.00 ,133.00 ,309.00 ,132.00 ,75.00 ,121.00 ,91.00 ,479.00 ,334.00 ,631.00 ,1205.00 ,989.00 ,293.00 ,934.00 ,750.00 ,1270.00 ,63454.00 ,1013.00 ,1339.00 ,249.00 ,168.00 ,572.00 ,526.00 ,146.00 ,174.00 ,1.00 ,245.00 ,91.00 ,18.00 ,71.00 ,76.00 ,68.00 ,10.00 ,26.00 
2020/2/22,399.00 ,135.00 ,311.00 ,132.00 ,75.00 ,121.00 ,91.00 ,480.00 ,335.00 ,631.00 ,1205.00 ,989.00 ,293.00 ,934.00 ,754.00 ,1271.00 ,63889.00 ,1016.00 ,1342.00 ,249.00 ,168.00 ,573.00 ,526.00 ,146.00 ,174.00 ,1.00 ,245.00 ,91.00 ,18.00 ,71.00 ,76.00 ,69.00 ,10.00 ,26.00 
2020/2/23,399.00 ,135.00 ,311.00 ,132.00 ,75.00 ,121.00 ,93.00 ,480.00 ,335.00 ,631.00 ,1205.00 ,989.00 ,293.00 ,934.00 ,755.00 ,1271.00 ,64287.00 ,1016.00 ,1345.00 ,251.00 ,168.00 ,575.00 ,527.00 ,146.00 ,174.00 ,1.00 ,245.00 ,91.00 ,18.00 ,71.00 ,76.00 ,74.00 ,10.00 ,28.00 
2020/2/24,400.00 ,135.00 ,311.00 ,133.00 ,75.00 ,121.00 ,93.00 ,480.00 ,335.00 ,631.00 ,1205.00 ,989.00 ,294.00 ,934.00 ,755.00 ,1271.00 ,64786.00 ,1016.00 ,1347.00 ,252.00 ,168.00 ,576.00 ,529.00 ,146.00 ,174.00 ,1.00 ,245.00 ,91.00 ,18.00 ,71.00 ,76.00 ,81.00 ,10.00 ,30.00 
2020/2/25,400.00 ,135.00 ,312.00 ,133.00 ,75.00 ,121.00 ,93.00 ,480.00 ,336.00 ,631.00 ,1205.00 ,989.00 ,294.00 ,934.00 ,756.00 ,1271.00 ,65187.00 ,1016.00 ,1347.00 ,252.00 ,168.00 ,576.00 ,531.00 ,146.00 ,174.00 ,1.00 ,245.00 ,91.00 ,18.00 ,71.00 ,76.00 ,85.00 ,10.00 ,31.00 
2020/2/26,410.00 ,135.00 ,317.00 ,133.00 ,75.00 ,121.00 ,93.00 ,480.00 ,337.00 ,631.00 ,1205.00 ,989.00 ,296.00 ,934.00 ,756.00 ,1272.00 ,65596.00 ,1017.00 ,1347.00 ,252.00 ,168.00 ,576.00 ,534.00 ,146.00 ,174.00 ,1.00 ,245.00 ,91.00 ,18.00 ,72.00 ,76.00 ,91.00 ,10.00 ,32.00 
2020/2/27,410.00 ,136.00 ,318.00 ,133.00 ,75.00 ,121.00 ,93.00 ,480.00 ,337.00 ,631.00 ,1205.00 ,990.00 ,296.00 ,935.00 ,756.00 ,1272.00 ,65914.00 ,1017.00 ,1348.00 ,252.00 ,168.00 ,576.00 ,538.00 ,146.00 ,174.00 ,1.00 ,245.00 ,91.00 ,18.00 ,72.00 ,76.00 ,93.00 ,10.00 ,32.00 
2020/2/28,411.00 ,136.00 ,318.00 ,133.00 ,75.00 ,121.00 ,93.00 ,480.00 ,337.00 ,631.00 ,1205.00 ,990.00 ,296.00 ,935.00 ,756.00 ,1272.00 ,66337.00 ,1018.00 ,1349.00 ,252.00 ,168.00 ,576.00 ,538.00 ,146.00 ,174.00 ,1.00 ,245.00 ,91.00 ,18.00 ,73.00 ,76.00 ,94.00 ,10.00 ,34.00 
2020/2/29,413.00 ,136.00 ,318.00 ,133.00 ,75.00 ,122.00 ,93.00 ,480.00 ,337.00 ,631.00 ,1205.00 ,990.00 ,296.00 ,935.00 ,756.00 ,1272.00 ,66907.00 ,1018.00 ,1349.00 ,252.00 ,168.00 ,576.00 ,538.00 ,146.00 ,174.00 ,1.00 ,245.00 ,91.00 ,18.00 ,73.00 ,76.00 ,95.00 ,10.00 ,39.00 
2020/3/1,414.00 ,136.00 ,318.00 ,133.00 ,75.00 ,122.00 ,93.00 ,480.00 ,337.00 ,631.00 ,1206.00 ,990.00 ,296.00 ,935.00 ,758.00 ,1272.00 ,67103.00 ,1018.00 ,1350.00 ,252.00 ,168.00 ,576.00 ,538.00 ,146.00 ,174.00 ,1.00 ,245.00 ,91.00 ,18.00 ,74.00 ,76.00 ,98.00 ,10.00 ,40.00 
2020/3/2,414.00 ,136.00 ,318.00 ,133.00 ,75.00 ,125.00 ,93.00 ,480.00 ,338.00 ,631.00 ,1213.00 ,990.00 ,296.00 ,935.00 ,758.00 ,1272.00 ,67217.00 ,1018.00 ,1350.00 ,252.00 ,168.00 ,576.00 ,538.00 ,146.00 ,174.00 ,1.00 ,245.00 ,91.00 ,18.00 ,74.00 ,76.00 ,100.00 ,10.00 ,41.00 
2020/3/3,417.00 ,136.00 ,318.00 ,133.00 ,75.00 ,125.00 ,93.00 ,480.00 ,338.00 ,631.00 ,1213.00 ,990.00 ,296.00 ,935.00 ,758.00 ,1272.00 ,67332.00 ,1018.00 ,1350.00 ,252.00 ,168.00 ,576.00 ,538.00 ,146.00 ,174.00 ,1.00 ,245.00 ,91.00 ,18.00 ,75.00 ,76.00 ,100.00 ,10.00 ,42.00 
2020/3/4,418.00 ,136.00 ,318.00 ,133.00 ,75.00 ,125.00 ,93.00 ,481.00 ,338.00 ,631.00 ,1215.00 ,990.00 ,296.00 ,935.00 ,758.00 ,1272.00 ,67466.00 ,1018.00 ,1350.00 ,252.00 ,168.00 ,576.00 ,539.00 ,146.00 ,174.00 ,1.00 ,245.00 ,91.00 ,18.00 ,75.00 ,76.00 ,104.00 ,10.00 ,42.00 
2020/3/5,422.00 ,136.00 ,318.00 ,133.00 ,75.00 ,125.00 ,93.00 ,481.00 ,339.00 ,631.00 ,1215.00 ,990.00 ,296.00 ,935.00 ,758.00 ,1272.00 ,67592.00 ,1018.00 ,1351.00 ,252.00 ,168.00 ,576.00 ,539.00 ,146.00 ,174.00 ,1.00 ,245.00 ,102.00 ,18.00 ,75.00 ,76.00 ,104.00 ,10.00 ,44.00 
2020/3/6,426.00 ,136.00 ,318.00 ,133.00 ,75.00 ,125.00 ,93.00 ,481.00 ,342.00 ,631.00 ,1215.00 ,990.00 ,296.00 ,935.00 ,758.00 ,1272.00 ,67666.00 ,1018.00 ,1352.00 ,252.00 ,168.00 ,576.00 ,539.00 ,146.00 ,174.00 ,1.00 ,245.00 ,119.00 ,18.00 ,75.00 ,76.00 ,107.00 ,10.00 ,45.00 
2020/3/7,428.00 ,136.00 ,318.00 ,133.00 ,75.00 ,125.00 ,93.00 ,481.00 ,342.00 ,631.00 ,1215.00 ,990.00 ,296.00 ,935.00 ,758.00 ,1272.00 ,67707.00 ,1018.00 ,1352.00 ,252.00 ,168.00 ,576.00 ,539.00 ,146.00 ,174.00 ,1.00 ,245.00 ,120.00 ,18.00 ,75.00 ,76.00 ,109.00 ,10.00 ,45.00 
2020/3/8,428.00 ,136.00 ,318.00 ,133.00 ,75.00 ,125.00 ,93.00 ,481.00 ,342.00 ,631.00 ,1215.00 ,990.00 ,296.00 ,935.00 ,758.00 ,1272.00 ,67743.00 ,1018.00 ,1352.00 ,252.00 ,168.00 ,576.00 ,539.00 ,146.00 ,174.00 ,1.00 ,245.00 ,124.00 ,18.00 ,75.00 ,76.00 ,114.00 ,10.00 ,45.00 
2020/3/9,429.00 ,136.00 ,318.00 ,133.00 ,75.00 ,125.00 ,93.00 ,481.00 ,342.00 ,631.00 ,1215.00 ,990.00 ,296.00 ,935.00 ,758.00 ,1272.00 ,67760.00 ,1018.00 ,1353.00 ,252.00 ,168.00 ,576.00 ,539.00 ,146.00 ,174.00 ,1.00 ,245.00 ,124.00 ,18.00 ,75.00 ,76.00 ,115.00 ,10.00 ,45.00 
2020/3/10,435.00 ,136.00 ,318.00 ,133.00 ,75.00 ,125.00 ,93.00 ,482.00 ,344.00 ,631.00 ,1215.00 ,990.00 ,296.00 ,935.00 ,759.00 ,1272.00 ,67773.00 ,1018.00 ,1353.00 ,252.00 ,168.00 ,576.00 ,539.00 ,146.00 ,174.00 ,1.00 ,245.00 ,125.00 ,18.00 ,75.00 ,76.00 ,120.00 ,10.00 ,47.00 
2020/3/11,435.00 ,136.00 ,318.00 ,133.00 ,75.00 ,125.00 ,93.00 ,482.00 ,344.00 ,631.00 ,1215.00 ,990.00 ,296.00 ,935.00 ,760.00 ,1273.00 ,67781.00 ,1018.00 ,1356.00 ,252.00 ,168.00 ,576.00 ,539.00 ,146.00 ,174.00 ,1.00 ,245.00 ,127.00 ,18.00 ,75.00 ,76.00 ,129.00 ,10.00 ,48.00 
2020/3/12,436.00 ,136.00 ,318.00 ,133.00 ,75.00 ,125.00 ,93.00 ,482.00 ,346.00 ,631.00 ,1215.00 ,990.00 ,296.00 ,935.00 ,760.00 ,1273.00 ,67786.00 ,1018.00 ,1356.00 ,252.00 ,168.00 ,576.00 ,539.00 ,146.00 ,174.00 ,1.00 ,245.00 ,127.00 ,18.00 ,75.00 ,76.00 ,131.00 ,10.00 ,49.00 
2020/3/13,437.00 ,136.00 ,318.00 ,133.00 ,75.00 ,125.00 ,93.00 ,482.00 ,350.00 ,631.00 ,1227.00 ,990.00 ,296.00 ,935.00 ,760.00 ,1273.00 ,67790.00 ,1018.00 ,1356.00 ,252.00 ,168.00 ,576.00 ,539.00 ,146.00 ,174.00 ,1.00 ,245.00 ,129.00 ,18.00 ,75.00 ,76.00 ,137.00 ,10.00 ,50.00 
2020/3/14,442.00 ,136.00 ,318.00 ,133.00 ,75.00 ,125.00 ,93.00 ,482.00 ,353.00 ,631.00 ,1231.00 ,990.00 ,296.00 ,935.00 ,760.00 ,1273.00 ,67794.00 ,1018.00 ,1357.00 ,252.00 ,168.00 ,576.00 ,539.00 ,146.00 ,174.00 ,1.00 ,245.00 ,132.00 ,18.00 ,75.00 ,76.00 ,141.00 ,10.00 ,53.00 
2020/3/15,446.00 ,136.00 ,318.00 ,133.00 ,75.00 ,125.00 ,93.00 ,482.00 ,355.00 ,631.00 ,1231.00 ,990.00 ,296.00 ,935.00 ,760.00 ,1273.00 ,67798.00 ,1018.00 ,1361.00 ,252.00 ,168.00 ,576.00 ,539.00 ,146.00 ,175.00 ,1.00 ,246.00 ,133.00 ,18.00 ,75.00 ,76.00 ,148.00 ,10.00 ,59.00 
2020/3/16,455.00 ,136.00 ,318.00 ,133.00 ,75.00 ,125.00 ,93.00 ,482.00 ,358.00 ,631.00 ,1232.00 ,990.00 ,296.00 ,935.00 ,761.00 ,1273.00 ,67799.00 ,1018.00 ,1364.00 ,253.00 ,168.00 ,576.00 ,539.00 ,146.00 ,176.00 ,1.00 ,246.00 ,133.00 ,18.00 ,75.00 ,76.00 ,157.00 ,11.00 ,67.00 
2020/3/17,458.00 ,136.00 ,318.00 ,133.00 ,75.00 ,125.00 ,93.00 ,482.00 ,361.00 ,631.00 ,1232.00 ,990.00 ,296.00 ,935.00 ,761.00 ,1273.00 ,67800.00 ,1018.00 ,1369.00 ,253.00 ,168.00 ,576.00 ,540.00 ,146.00 ,176.00 ,1.00 ,246.00 ,133.00 ,18.00 ,75.00 ,76.00 ,167.00 ,13.00 ,77.00 
2020/3/18,479.00 ,136.00 ,318.00 ,133.00 ,75.00 ,125.00 ,93.00 ,483.00 ,363.00 ,631.00 ,1233.00 ,990.00 ,296.00 ,935.00 ,761.00 ,1273.00 ,67800.00 ,1018.00 ,1378.00 ,253.00 ,168.00 ,576.00 ,540.00 ,146.00 ,176.00 ,1.00 ,246.00 ,133.00 ,18.00 ,75.00 ,76.00 ,192.00 ,15.00 ,100.00 
2020/3/19,485.00 ,137.00 ,318.00 ,133.00 ,75.00 ,126.00 ,93.00 ,484.00 ,371.00 ,631.00 ,1234.00 ,990.00 ,299.00 ,935.00 ,762.00 ,1273.00 ,67800.00 ,1018.00 ,1392.00 ,254.00 ,168.00 ,576.00 ,541.00 ,146.00 ,176.00 ,1.00 ,248.00 ,134.00 ,18.00 ,75.00 ,76.00 ,208.00 ,17.00 ,108.00 
2020/3/20,499.00 ,137.00 ,318.00 ,133.00 ,75.00 ,126.00 ,93.00 ,484.00 ,380.00 ,631.00 ,1236.00 ,990.00 ,303.00 ,935.00 ,764.00 ,1273.00 ,67800.00 ,1018.00 ,1399.00 ,254.00 ,168.00 ,576.00 ,542.00 ,146.00 ,176.00 ,1.00 ,248.00 ,134.00 ,18.00 ,75.00 ,76.00 ,256.00 ,17.00 ,135.00 
2020/3/21,512.00 ,137.00 ,319.00 ,133.00 ,75.00 ,126.00 ,93.00 ,484.00 ,394.00 ,633.00 ,1237.00 ,990.00 ,307.00 ,936.00 ,765.00 ,1273.00 ,67800.00 ,1018.00 ,1407.00 ,254.00 ,168.00 ,576.00 ,543.00 ,146.00 ,176.00 ,1.00 ,248.00 ,134.00 ,18.00 ,75.00 ,76.00 ,273.00 ,18.00 ,153.00 
2020/3/22,522.00 ,137.00 ,319.00 ,133.00 ,75.00 ,127.00 ,93.00 ,484.00 ,404.00 ,633.00 ,1238.00 ,990.00 ,313.00 ,936.00 ,767.00 ,1274.00 ,67800.00 ,1018.00 ,1413.00 ,254.00 ,168.00 ,577.00 ,543.00 ,146.00 ,176.00 ,1.00 ,248.00 ,136.00 ,18.00 ,75.00 ,76.00 ,317.00 ,21.00 ,169.00 
2020/3/23,554.00 ,141.00 ,319.00 ,134.00 ,75.00 ,127.00 ,93.00 ,484.00 ,414.00 ,636.00 ,1240.00 ,990.00 ,318.00 ,936.00 ,768.00 ,1274.00 ,67801.00 ,1018.00 ,1428.00 ,254.00 ,168.00 ,578.00 ,545.00 ,146.00 ,176.00 ,1.00 ,249.00 ,136.00 ,18.00 ,75.00 ,76.00 ,356.00 ,25.00 ,195.00 
2020/3/24,559.00 ,145.00 ,319.00 ,134.00 ,77.00 ,127.00 ,94.00 ,484.00 ,433.00 ,638.00 ,1241.00 ,990.00 ,322.00 ,936.00 ,769.00 ,1274.00 ,67801.00 ,1018.00 ,1433.00 ,254.00 ,168.00 ,578.00 ,547.00 ,146.00 ,176.00 ,1.00 ,252.00 ,136.00 ,18.00 ,75.00 ,76.00 ,386.00 ,26.00 ,216.00 
2020/3/25,565.00 ,147.00 ,319.00 ,135.00 ,89.00 ,127.00 ,95.00 ,484.00 ,451.00 ,640.00 ,1243.00 ,990.00 ,328.00 ,936.00 ,769.00 ,1275.00 ,67801.00 ,1018.00 ,1444.00 ,254.00 ,168.00 ,578.00 ,547.00 ,146.00 ,178.00 ,1.00 ,253.00 ,136.00 ,18.00 ,75.00 ,76.00 ,410.00 ,30.00 ,235.00 
2020/3/26,569.00 ,151.00 ,319.00 ,135.00 ,92.00 ,128.00 ,95.00 ,484.00 ,468.00 ,641.00 ,1247.00 ,990.00 ,331.00 ,936.00 ,771.00 ,1275.00 ,67801.00 ,1018.00 ,1456.00 ,254.00 ,168.00 ,578.00 ,548.00 ,146.00 ,180.00 ,1.00 ,253.00 ,136.00 ,18.00 ,75.00 ,76.00 ,453.00 ,33.00 ,252.00 
2020/3/27,572.00 ,156.00 ,319.00 ,135.00 ,94.00 ,131.00 ,97.00 ,484.00 ,485.00 ,641.00 ,1251.00 ,990.00 ,337.00 ,936.00 ,772.00 ,1275.00 ,67801.00 ,1018.00 ,1467.00 ,254.00 ,168.00 ,578.00 ,548.00 ,146.00 ,180.00 ,1.00 ,253.00 ,136.00 ,18.00 ,75.00 ,76.00 ,518.00 ,34.00 ,267.00 
2020/3/28,576.00 ,163.00 ,319.00 ,136.00 ,95.00 ,134.00 ,98.00 ,484.00 ,492.00 ,644.00 ,1254.00 ,990.00 ,338.00 ,937.00 ,772.00 ,1276.00 ,67801.00 ,1018.00 ,1475.00 ,254.00 ,168.00 ,579.00 ,550.00 ,147.00 ,180.00 ,1.00 ,253.00 ,136.00 ,18.00 ,75.00 ,76.00 ,582.00 ,37.00 ,283.00 
2020/3/29,577.00 ,166.00 ,321.00 ,136.00 ,97.00 ,136.00 ,98.00 ,484.00 ,498.00 ,645.00 ,1255.00 ,990.00 ,340.00 ,937.00 ,773.00 ,1276.00 ,67801.00 ,1018.00 ,1484.00 ,254.00 ,168.00 ,579.00 ,550.00 ,147.00 ,180.00 ,1.00 ,253.00 ,138.00 ,18.00 ,75.00 ,76.00 ,641.00 ,38.00 ,298.00 
2020/3/30,580.00 ,174.00 ,321.00 ,136.00 ,107.00 ,139.00 ,98.00 ,484.00 ,509.00 ,646.00 ,1257.00 ,990.00 ,343.00 ,937.00 ,774.00 ,1276.00 ,67801.00 ,1018.00 ,1490.00 ,254.00 ,168.00 ,579.00 ,550.00 ,147.00 ,181.00 ,1.00 ,253.00 ,138.00 ,18.00 ,75.00 ,76.00 ,682.00 ,39.00 ,306.00 
2020/3/31,580.00 ,174.00 ,323.00 ,137.00 ,111.00 ,140.00 ,98.00 ,484.00 ,516.00 ,646.00 ,1257.00 ,990.00 ,345.00 ,937.00 ,774.00 ,1276.00 ,67802.00 ,1018.00 ,1501.00 ,254.00 ,168.00 ,579.00 ,552.00 ,147.00 ,182.00 ,1.00 ,255.00 ,138.00 ,18.00 ,75.00 ,76.00 ,714.00 ,41.00 ,322.00 
2020/4/1,582.00 ,176.00 ,325.00 ,137.00 ,117.00 ,140.00 ,98.00 ,488.00 ,522.00 ,647.00 ,1258.00 ,990.00 ,345.00 ,937.00 ,775.00 ,1276.00 ,67802.00 ,1019.00 ,1507.00 ,254.00 ,168.00 ,579.00 ,554.00 ,147.00 ,183.00 ,1.00 ,255.00 ,138.00 ,18.00 ,75.00 ,76.00 ,765.00 ,41.00 ,329.00 
2020/4/2,583.00 ,177.00 ,326.00 ,137.00 ,117.00 ,141.00 ,98.00 ,489.00 ,526.00 ,651.00 ,1260.00 ,990.00 ,349.00 ,937.00 ,778.00 ,1276.00 ,67802.00 ,1019.00 ,1514.00 ,254.00 ,168.00 ,579.00 ,555.00 ,147.00 ,184.00 ,1.00 ,255.00 ,138.00 ,18.00 ,75.00 ,76.00 ,802.00 ,41.00 ,339.00 
2020/4/3,585.00 ,180.00 ,326.00 ,137.00 ,117.00 ,141.00 ,98.00 ,491.00 ,529.00 ,651.00 ,1262.00 ,990.00 ,350.00 ,937.00 ,778.00 ,1276.00 ,67803.00 ,1019.00 ,1516.00 ,254.00 ,168.00 ,579.00 ,557.00 ,147.00 ,184.00 ,1.00 ,256.00 ,138.00 ,18.00 ,75.00 ,76.00 ,845.00 ,43.00 ,348.00 
2020/4/4,586.00 ,180.00 ,327.00 ,138.00 ,117.00 ,142.00 ,98.00 ,504.00 ,531.00 ,651.00 ,1263.00 ,990.00 ,350.00 ,937.00 ,779.00 ,1276.00 ,67803.00 ,1019.00 ,1524.00 ,254.00 ,168.00 ,579.00 ,558.00 ,147.00 ,184.00 ,1.00 ,256.00 ,138.00 ,18.00 ,75.00 ,76.00 ,862.00 ,44.00 ,355.00 
2020/4/5,587.00 ,180.00 ,327.00 ,138.00 ,118.00 ,142.00 ,98.00 ,524.00 ,536.00 ,651.00 ,1264.00 ,990.00 ,350.00 ,937.00 ,780.00 ,1276.00 ,67803.00 ,1019.00 ,1532.00 ,254.00 ,168.00 ,579.00 ,559.00 ,147.00 ,184.00 ,1.00 ,256.00 ,139.00 ,18.00 ,75.00 ,76.00 ,890.00 ,44.00 ,363.00 
2020/4/6,587.00 ,180.00 ,327.00 ,138.00 ,121.00 ,144.00 ,98.00 ,544.00 ,538.00 ,651.00 ,1265.00 ,990.00 ,351.00 ,937.00 ,781.00 ,1276.00 ,67803.00 ,1019.00 ,1533.00 ,254.00 ,168.00 ,579.00 ,560.00 ,147.00 ,184.00 ,1.00 ,256.00 ,139.00 ,18.00 ,75.00 ,76.00 ,914.00 ,44.00 ,373.00 
2020/4/7,588.00 ,180.00 ,327.00 ,163.00 ,124.00 ,144.00 ,98.00 ,569.00 ,543.00 ,651.00 ,1266.00 ,990.00 ,351.00 ,937.00 ,783.00 ,1276.00 ,67803.00 ,1019.00 ,1536.00 ,254.00 ,168.00 ,579.00 ,560.00 ,147.00 ,184.00 ,1.00 ,256.00 ,139.00 ,18.00 ,75.00 ,76.00 ,935.00 ,44.00 ,376.00 
2020/4/8,588.00 ,181.00 ,327.00 ,166.00 ,126.00 ,144.00 ,98.00 ,609.00 ,552.00 ,651.00 ,1267.00 ,991.00 ,351.00 ,937.00 ,783.00 ,1276.00 ,67803.00 ,1019.00 ,1539.00 ,254.00 ,168.00 ,579.00 ,560.00 ,147.00 ,184.00 ,1.00 ,256.00 ,139.00 ,18.00 ,75.00 ,76.00 ,960.00 ,45.00 ,379.00 
2020/4/9,588.00 ,182.00 ,327.00 ,168.00 ,128.00 ,144.00 ,98.00 ,638.00 ,555.00 ,651.00 ,1267.00 ,991.00 ,351.00 ,937.00 ,783.00 ,1276.00 ,67803.00 ,1019.00 ,1544.00 ,254.00 ,168.00 ,579.00 ,560.00 ,147.00 ,184.00 ,1.00 ,256.00 ,139.00 ,18.00 ,75.00 ,76.00 ,973.00 ,45.00 ,380.00 
2020/4/10,589.00 ,183.00 ,327.00 ,172.00 ,155.00 ,145.00 ,98.00 ,661.00 ,555.00 ,652.00 ,1267.00 ,991.00 ,351.00 ,937.00 ,784.00 ,1276.00 ,67803.00 ,1019.00 ,1548.00 ,254.00 ,168.00 ,579.00 ,560.00 ,147.00 ,184.00 ,1.00 ,256.00 ,139.00 ,18.00 ,75.00 ,76.00 ,989.00 ,45.00 ,382.00 
2020/4/11,589.00 ,183.00 ,327.00 ,172.00 ,155.00 ,145.00 ,99.00 ,684.00 ,607.00 ,653.00 ,1267.00 ,991.00 ,352.00 ,937.00 ,784.00 ,1276.00 ,67803.00 ,1019.00 ,1552.00 ,254.00 ,168.00 ,579.00 ,560.00 ,147.00 ,184.00 ,1.00 ,256.00 ,139.00 ,18.00 ,75.00 ,76.00 ,1000.00 ,45.00 ,385.00 
2020/4/12,589.00 ,184.00 ,327.00 ,173.00 ,190.00 ,145.00 ,100.00 ,740.00 ,618.00 ,653.00 ,1267.00 ,991.00 ,352.00 ,937.00 ,784.00 ,1276.00 ,67803.00 ,1019.00 ,1555.00 ,254.00 ,168.00 ,579.00 ,560.00 ,147.00 ,184.00 ,1.00 ,256.00 ,139.00 ,18.00 ,75.00 ,76.00 ,1004.00 ,45.00 ,388.00 
2020/4/13,589.00 ,184.00 ,327.00 ,173.00 ,190.00 ,145.00 ,100.00 ,819.00 ,618.00 ,653.00 ,1267.00 ,991.00 ,353.00 ,937.00 ,784.00 ,1276.00 ,67803.00 ,1019.00 ,1564.00 ,254.00 ,168.00 ,579.00 ,560.00 ,147.00 ,184.00 ,1.00 ,256.00 ,139.00 ,18.00 ,75.00 ,76.00 ,1009.00 ,45.00 ,393.00 
2020/4/14,590.00 ,185.00 ,327.00 ,186.00 ,190.00 ,145.00 ,102.00 ,841.00 ,622.00 ,653.00 ,1268.00 ,991.00 ,353.00 ,937.00 ,784.00 ,1276.00 ,67803.00 ,1019.00 ,1566.00 ,254.00 ,168.00 ,579.00 ,560.00 ,147.00 ,184.00 ,1.00 ,256.00 ,139.00 ,18.00 ,75.00 ,76.00 ,1012.00 ,45.00 ,393.00 
2020/4/15,593.00 ,185.00 ,328.00 ,194.00 ,193.00 ,145.00 ,102.00 ,861.00 ,628.00 ,653.00 ,1268.00 ,991.00 ,353.00 ,937.00 ,784.00 ,1276.00 ,67803.00 ,1019.00 ,1571.00 ,254.00 ,168.00 ,579.00 ,560.00 ,147.00 ,184.00 ,1.00 ,256.00 ,139.00 ,18.00 ,75.00 ,76.00 ,1016.00 ,45.00 ,395.00 
2020/4/16,593.00 ,186.00 ,328.00 ,197.00 ,193.00 ,146.00 ,102.00 ,872.00 ,628.00 ,653.00 ,1268.00 ,991.00 ,354.00 ,937.00 ,787.00 ,1276.00 ,68128.00 ,1019.00 ,1577.00 ,254.00 ,168.00 ,579.00 ,560.00 ,147.00 ,184.00 ,1.00 ,256.00 ,139.00 ,18.00 ,75.00 ,76.00 ,1017.00 ,45.00 ,395.00 
2020/4/17,593.00 ,189.00 ,328.00 ,197.00 ,193.00 ,146.00 ,102.00 ,892.00 ,628.00 ,653.00 ,1268.00 ,991.00 ,355.00 ,937.00 ,787.00 ,1276.00 ,68128.00 ,1019.00 ,1579.00 ,254.00 ,168.00 ,579.00 ,561.00 ,147.00 ,184.00 ,1.00 ,256.00 ,139.00 ,18.00 ,75.00 ,76.00 ,1021.00 ,45.00 ,395.00 
2020/4/18,593.00 ,189.00 ,328.00 ,197.00 ,193.00 ,146.00 ,104.00 ,898.00 ,635.00 ,653.00 ,1268.00 ,991.00 ,355.00 ,937.00 ,787.00 ,1276.00 ,68128.00 ,1019.00 ,1580.00 ,254.00 ,168.00 ,579.00 ,561.00 ,147.00 ,184.00 ,1.00 ,256.00 ,139.00 ,18.00 ,75.00 ,76.00 ,1023.00 ,45.00 ,398.00 
2020/4/19,593.00 ,189.00 ,328.00 ,197.00 ,194.00 ,146.00 ,104.00 ,905.00 ,638.00 ,653.00 ,1268.00 ,991.00 ,355.00 ,937.00 ,787.00 ,1276.00 ,68128.00 ,1019.00 ,1581.00 ,254.00 ,168.00 ,579.00 ,561.00 ,147.00 ,184.00 ,1.00 ,256.00 ,139.00 ,18.00 ,75.00 ,76.00 ,1025.00 ,45.00 ,420.00 
2020/4/20,593.00 ,189.00 ,328.00 ,197.00 ,194.00 ,146.00 ,106.00 ,913.00 ,638.00 ,653.00 ,1268.00 ,991.00 ,355.00 ,937.00 ,787.00 ,1276.00 ,68128.00 ,1019.00 ,1582.00 ,254.00 ,168.00 ,579.00 ,561.00 ,147.00 ,184.00 ,1.00 ,277.00 ,139.00 ,18.00 ,75.00 ,76.00 ,1025.00 ,45.00 ,422.00 
2020/4/21,593.00 ,189.00 ,328.00 ,197.00 ,194.00 ,146.00 ,106.00 ,921.00 ,639.00 ,653.00 ,1268.00 ,991.00 ,355.00 ,937.00 ,787.00 ,1276.00 ,68128.00 ,1019.00 ,1582.00 ,254.00 ,168.00 ,579.00 ,561.00 ,147.00 ,184.00 ,1.00 ,279.00 ,139.00 ,18.00 ,75.00 ,76.00 ,1029.00 ,45.00 ,425.00 
2020/4/22,593.00 ,189.00 ,328.00 ,197.00 ,194.00 ,146.00 ,107.00 ,925.00 ,640.00 ,653.00 ,1268.00 ,991.00 ,355.00 ,937.00 ,787.00 ,1276.00 ,68128.00 ,1019.00 ,1584.00 ,254.00 ,168.00 ,579.00 ,561.00 ,147.00 ,184.00 ,1.00 ,279.00 ,139.00 ,18.00 ,75.00 ,76.00 ,1033.00 ,45.00 ,426.00 
2020/4/23,593.00 ,189.00 ,328.00 ,197.00 ,194.00 ,146.00 ,108.00 ,928.00 ,641.00 ,653.00 ,1268.00 ,991.00 ,355.00 ,937.00 ,787.00 ,1276.00 ,68128.00 ,1019.00 ,1585.00 ,254.00 ,168.00 ,579.00 ,561.00 ,147.00 ,184.00 ,1.00 ,279.00 ,139.00 ,18.00 ,75.00 ,76.00 ,1035.00 ,45.00 ,427.00 
2020/4/24,593.00 ,190.00 ,328.00 ,197.00 ,197.00 ,146.00 ,109.00 ,930.00 ,641.00 ,653.00 ,1268.00 ,991.00 ,355.00 ,937.00 ,787.00 ,1276.00 ,68128.00 ,1019.00 ,1585.00 ,254.00 ,168.00 ,579.00 ,561.00 ,147.00 ,185.00 ,1.00 ,286.00 ,139.00 ,18.00 ,75.00 ,76.00 ,1035.00 ,45.00 ,428.00 
2020/4/25,593.00 ,190.00 ,328.00 ,197.00 ,198.00 ,146.00 ,109.00 ,935.00 ,642.00 ,653.00 ,1268.00 ,991.00 ,355.00 ,937.00 ,787.00 ,1276.00 ,68128.00 ,1019.00 ,1586.00 ,254.00 ,168.00 ,579.00 ,561.00 ,147.00 ,185.00 ,1.00 ,286.00 ,139.00 ,18.00 ,75.00 ,76.00 ,1037.00 ,45.00 ,429.00 
2020/4/26,593.00 ,190.00 ,328.00 ,197.00 ,198.00 ,146.00 ,110.00 ,936.00 ,642.00 ,653.00 ,1268.00 ,991.00 ,355.00 ,937.00 ,787.00 ,1276.00 ,68128.00 ,1019.00 ,1587.00 ,254.00 ,168.00 ,579.00 ,561.00 ,147.00 ,185.00 ,1.00 ,286.00 ,139.00 ,18.00 ,75.00 ,76.00 ,1037.00 ,45.00 ,429.00 
2020/4/27,593.00 ,190.00 ,328.00 ,197.00 ,199.00 ,146.00 ,110.00 ,939.00 ,644.00 ,653.00 ,1268.00 ,991.00 ,355.00 ,937.00 ,787.00 ,1276.00 ,68128.00 ,1019.00 ,1587.00 ,254.00 ,168.00 ,579.00 ,561.00 ,147.00 ,185.00 ,1.00 ,306.00 ,139.00 ,18.00 ,75.00 ,76.00 ,1037.00 ,45.00 ,429.00 
2020/4/28,593.00 ,190.00 ,328.00 ,197.00 ,199.00 ,146.00 ,110.00 ,939.00 ,645.00 ,653.00 ,1268.00 ,991.00 ,355.00 ,937.00 ,787.00 ,1276.00 ,68128.00 ,1019.00 ,1588.00 ,254.00 ,168.00 ,579.00 ,561.00 ,147.00 ,185.00 ,1.00 ,306.00 ,139.00 ,18.00 ,75.00 ,76.00 ,1037.00 ,45.00 ,429.00 
2020/4/29,593.00 ,190.00 ,328.00 ,197.00 ,200.00 ,146.00 ,111.00 ,939.00 ,647.00 ,653.00 ,1268.00 ,991.00 ,355.00 ,937.00 ,787.00 ,1276.00 ,68128.00 ,1019.00 ,1588.00 ,254.00 ,168.00 ,579.00 ,561.00 ,147.00 ,185.00 ,1.00 ,306.00 ,139.00 ,18.00 ,75.00 ,76.00 ,1037.00 ,45.00 ,429.00 
2020/4/30,593.00 ,190.00 ,328.00 ,197.00 ,201.00 ,146.00 ,111.00 ,944.00 ,652.00 ,653.00 ,1268.00 ,991.00 ,356.00 ,937.00 ,787.00 ,1276.00 ,68128.00 ,1019.00 ,1588.00 ,254.00 ,168.00 ,579.00 ,561.00 ,147.00 ,185.00 ,1.00 ,306.00 ,139.00 ,18.00 ,75.00 ,76.00 ,1037.00 ,45.00 ,429.00 
2020/5/1,593.00 ,190.00 ,328.00 ,197.00 ,201.00 ,146.00 ,112.00 ,944.00 ,652.00 ,653.00 ,1268.00 ,991.00 ,356.00 ,937.00 ,787.00 ,1276.00 ,68128.00 ,1019.00 ,1588.00 ,254.00 ,168.00 ,579.00 ,561.00 ,147.00 ,185.00 ,1.00 ,306.00 ,139.00 ,18.00 ,75.00 ,76.00 ,1039.00 ,45.00 ,429.00 
2020/5/2,593.00 ,190.00 ,328.00 ,198.00 ,201.00 ,146.00 ,112.00 ,944.00 ,653.00 ,653.00 ,1268.00 ,991.00 ,356.00 ,937.00 ,787.00 ,1276.00 ,68128.00 ,1019.00 ,1588.00 ,254.00 ,168.00 ,579.00 ,561.00 ,147.00 ,185.00 ,1.00 ,306.00 ,139.00 ,18.00 ,75.00 ,76.00 ,1039.00 ,45.00 ,432.00 
2020/5/3,593.00 ,190.00 ,328.00 ,198.00 ,201.00 ,146.00 ,112.00 ,944.00 ,655.00 ,653.00 ,1268.00 ,991.00 ,356.00 ,937.00 ,788.00 ,1276.00 ,68128.00 ,1019.00 ,1588.00 ,254.00 ,168.00 ,579.00 ,561.00 ,147.00 ,185.00 ,1.00 ,306.00 ,139.00 ,18.00 ,75.00 ,76.00 ,1039.00 ,45.00 ,436.00 
2020/5/4,593.00 ,190.00 ,328.00 ,198.00 ,201.00 ,146.00 ,112.00 ,944.00 ,656.00 ,653.00 ,1268.00 ,991.00 ,356.00 ,937.00 ,788.00 ,1276.00 ,68128.00 ,1019.00 ,1588.00 ,254.00 ,168.00 ,579.00 ,561.00 ,147.00 ,185.00 ,1.00 ,308.00 ,139.00 ,18.00 ,75.00 ,76.00 ,1040.00 ,45.00 ,438.00 
2020/5/5,593.00 ,190.00 ,328.00 ,198.00 ,201.00 ,146.00 ,112.00 ,944.00 ,656.00 ,653.00 ,1268.00 ,991.00 ,356.00 ,937.00 ,788.00 ,1276.00 ,68128.00 ,1019.00 ,1588.00 ,254.00 ,168.00 ,579.00 ,561.00 ,147.00 ,185.00 ,1.00 ,308.00 ,139.00 ,18.00 ,75.00 ,76.00 ,1040.00 ,45.00 ,438.00 
2020/5/6,593.00 ,190.00 ,328.00 ,198.00 ,201.00 ,146.00 ,112.00 ,944.00 ,657.00 ,653.00 ,1268.00 ,991.00 ,356.00 ,937.00 ,788.00 ,1276.00 ,68128.00 ,1019.00 ,1589.00 ,254.00 ,168.00 ,579.00 ,561.00 ,147.00 ,185.00 ,1.00 ,308.00 ,139.00 ,18.00 ,75.00 ,76.00 ,1040.00 ,45.00 ,439.00 
2020/5/7,593.00 ,190.00 ,328.00 ,198.00 ,201.00 ,146.00 ,113.00 ,944.00 ,657.00 ,653.00 ,1268.00 ,991.00 ,356.00 ,937.00 ,788.00 ,1276.00 ,68128.00 ,1019.00 ,1589.00 ,254.00 ,168.00 ,579.00 ,561.00 ,147.00 ,185.00 ,1.00 ,308.00 ,139.00 ,18.00 ,75.00 ,76.00 ,1044.00 ,45.00 ,440.00 
2020/5/8,593.00 ,191.00 ,328.00 ,198.00 ,201.00 ,146.00 ,113.00 ,944.00 ,657.00 ,653.00 ,1268.00 ,991.00 ,356.00 ,937.00 ,788.00 ,1276.00 ,68128.00 ,1019.00 ,1589.00 ,254.00 ,168.00 ,579.00 ,561.00 ,147.00 ,185.00 ,1.00 ,308.00 ,139.00 ,18.00 ,75.00 ,76.00 ,1044.00 ,45.00 ,440.00 
2020/5/9,593.00 ,191.00 ,328.00 ,198.00 ,201.00 ,146.00 ,124.00 ,944.00 ,659.00 ,653.00 ,1268.00 ,991.00 ,356.00 ,937.00 ,788.00 ,1276.00 ,68129.00 ,1019.00 ,1589.00 ,254.00 ,168.00 ,579.00 ,561.00 ,147.00 ,185.00 ,1.00 ,308.00 ,139.00 ,18.00 ,75.00 ,76.00 ,1044.00 ,45.00 ,440.00 
2020/5/10,593.00 ,191.00 ,328.00 ,198.00 ,208.00 ,147.00 ,127.00 ,945.00 ,659.00 ,653.00 ,1268.00 ,991.00 ,356.00 ,937.00 ,788.00 ,1276.00 ,68134.00 ,1019.00 ,1589.00 ,254.00 ,168.00 ,579.00 ,561.00 ,147.00 ,185.00 ,1.00 ,308.00 ,139.00 ,18.00 ,75.00 ,76.00 ,1047.00 ,45.00 ,440.00 
2020/5/11,593.00 ,191.00 ,328.00 ,198.00 ,209.00 ,147.00 ,127.00 ,945.00 ,659.00 ,653.00 ,1268.00 ,991.00 ,356.00 ,937.00 ,788.00 ,1276.00 ,68134.00 ,1019.00 ,1589.00 ,254.00 ,168.00 ,579.00 ,561.00 ,147.00 ,185.00 ,1.00 ,308.00 ,139.00 ,18.00 ,75.00 ,76.00 ,1047.00 ,45.00 ,440.00 
2020/5/12,593.00 ,191.00 ,328.00 ,198.00 ,209.00 ,147.00 ,133.00 ,945.00 ,660.00 ,653.00 ,1268.00 ,991.00 ,356.00 ,937.00 ,788.00 ,1276.00 ,68134.00 ,1019.00 ,1589.00 ,254.00 ,168.00 ,579.00 ,561.00 ,147.00 ,185.00 ,1.00 ,308.00 ,139.00 ,18.00 ,75.00 ,76.00 ,1047.00 ,45.00 ,440.00 
2020/5/13,593.00 ,191.00 ,328.00 ,198.00 ,209.00 ,149.00 ,134.00 ,945.00 ,660.00 ,653.00 ,1268.00 ,991.00 ,356.00 ,937.00 ,788.00 ,1276.00 ,68134.00 ,1019.00 ,1589.00 ,254.00 ,168.00 ,579.00 ,561.00 ,147.00 ,185.00 ,1.00 ,308.00 ,139.00 ,18.00 ,75.00 ,76.00 ,1050.00 ,45.00 ,440.00 
2020/5/14,593.00 ,191.00 ,328.00 ,198.00 ,209.00 ,149.00 ,138.00 ,945.00 ,660.00 ,653.00 ,1268.00 ,991.00 ,356.00 ,937.00 ,788.00 ,1276.00 ,68134.00 ,1019.00 ,1589.00 ,254.00 ,168.00 ,579.00 ,561.00 ,147.00 ,185.00 ,1.00 ,308.00 ,139.00 ,18.00 ,75.00 ,76.00 ,1051.00 ,45.00 ,440.00 
2020/5/15,593.00 ,191.00 ,328.00 ,198.00 ,209.00 ,149.00 ,140.00 ,945.00 ,665.00 ,653.00 ,1268.00 ,991.00 ,356.00 ,937.00 ,788.00 ,1276.00 ,68134.00 ,1019.00 ,1589.00 ,254.00 ,169.00 ,579.00 ,561.00 ,147.00 ,185.00 ,1.00 ,308.00 ,139.00 ,18.00 ,75.00 ,76.00 ,1052.00 ,45.00 ,440.00 
2020/5/16,593.00 ,192.00 ,328.00 ,198.00 ,209.00 ,149.00 ,144.00 ,945.00 ,665.00 ,653.00 ,1268.00 ,991.00 ,356.00 ,937.00 ,788.00 ,1276.00 ,68134.00 ,1019.00 ,1590.00 ,254.00 ,169.00 ,579.00 ,561.00 ,147.00 ,185.00 ,1.00 ,308.00 ,139.00 ,18.00 ,75.00 ,76.00 ,1052.00 ,45.00 ,440.00 
2020/5/17,593.00 ,192.00 ,328.00 ,198.00 ,213.00 ,149.00 ,146.00 ,945.00 ,666.00 ,653.00 ,1268.00 ,991.00 ,356.00 ,937.00 ,788.00 ,1276.00 ,68134.00 ,1019.00 ,1590.00 ,254.00 ,169.00 ,579.00 ,561.00 ,147.00 ,185.00 ,1.00 ,308.00 ,139.00 ,18.00 ,75.00 ,76.00 ,1055.00 ,45.00 ,440.00 
2020/5/18,593.00 ,192.00 ,328.00 ,198.00 ,216.00 ,149.00 ,148.00 ,945.00 ,666.00 ,653.00 ,1268.00 ,991.00 ,356.00 ,937.00 ,788.00 ,1276.00 ,68135.00 ,1019.00 ,1590.00 ,254.00 ,169.00 ,579.00 ,561.00 ,147.00 ,185.00 ,1.00 ,308.00 ,139.00 ,18.00 ,75.00 ,76.00 ,1055.00 ,45.00 ,440.00 
2020/5/19,593.00 ,192.00 ,328.00 ,198.00 ,217.00 ,149.00 ,152.00 ,945.00 ,666.00 ,653.00 ,1268.00 ,991.00 ,356.00 ,937.00 ,788.00 ,1276.00 ,68135.00 ,1019.00 ,1590.00 ,254.00 ,169.00 ,579.00 ,561.00 ,147.00 ,185.00 ,1.00 ,308.00 ,139.00 ,18.00 ,75.00 ,76.00 ,1055.00 ,45.00 ,440.00 
2020/5/20,593.00 ,192.00 ,328.00 ,198.00 ,217.00 ,149.00 ,152.00 ,945.00 ,667.00 ,653.00 ,1268.00 ,991.00 ,356.00 ,937.00 ,788.00 ,1276.00 ,68135.00 ,1019.00 ,1591.00 ,254.00 ,169.00 ,579.00 ,561.00 ,147.00 ,185.00 ,1.00 ,308.00 ,139.00 ,18.00 ,75.00 ,76.00 ,1055.00 ,45.00 ,440.00 
2020/5/21,593.00 ,192.00 ,328.00 ,198.00 ,217.00 ,149.00 ,154.00 ,945.00 ,667.00 ,653.00 ,1268.00 ,991.00 ,356.00 ,937.00 ,788.00 ,1276.00 ,68135.00 ,1019.00 ,1591.00 ,254.00 ,169.00 ,579.00 ,563.00 ,147.00 ,185.00 ,1.00 ,308.00 ,139.00 ,18.00 ,75.00 ,76.00 ,1063.00 ,45.00 ,441.00 
2020/5/22,593.00 ,192.00 ,328.00 ,198.00 ,217.00 ,149.00 ,154.00 ,945.00 ,667.00 ,653.00 ,1268.00 ,991.00 ,356.00 ,937.00 ,788.00 ,1276.00 ,68135.00 ,1019.00 ,1591.00 ,254.00 ,169.00 ,579.00 ,563.00 ,147.00 ,185.00 ,1.00 ,308.00 ,139.00 ,18.00 ,75.00 ,76.00 ,1065.00 ,45.00 ,441.00 
2020/5/23,593.00 ,192.00 ,328.00 ,198.00 ,217.00 ,149.00 ,155.00 ,945.00 ,668.00 ,653.00 ,1268.00 ,991.00 ,356.00 ,937.00 ,788.00 ,1276.00 ,68135.00 ,1019.00 ,1592.00 ,254.00 ,169.00 ,579.00 ,563.00 ,147.00 ,185.00 ,1.00 ,308.00 ,139.00 ,18.00 ,75.00 ,76.00 ,1065.00 ,45.00 ,441.00 
